{
  "state": "200",
  "message": "success",
  "data": {
    "detail": "被同事设计，她闯进总裁办公室，非要给总裁某部位上药。 惹得某大总裁暴怒，身体力行地向她证明他到底行不行。 更悲催的是，还被总裁五岁儿子抓个现行。 小包子扑进她怀里：爹地，漂亮姐姐是你给我找的专属模特吗？ 龙熠旸淡定地提起小包子扔到一边：乖，这是你妈咪，爹地专属！ 顾若汐：……",
    "recommendList": [
      {
        "cover": "https://manhua.qpic.cn/vertical/0/15_17_37_a38b626ce39a1d1d491de60348fdffec_1516009027614.jpg/210",
        "title": "我的王还未成年",
        "description": "少女养成称霸宇宙的龙族"
      },
      {
        "cover": "https://manhua.qpic.cn/vertical/0/10_18_36_663c08d4a0d4672d53f8fe7fede78431_1531218989517.jpg/210",
        "title": "琅寰书院",
        "description": "玩世不恭却武力暴表的修仙校长"
      },
      {
        "cover": "https://manhua.qpic.cn/vertical/0/16_14_30_087fdc71c515386453d86e3546d1bdab_1516084234856.jpg/210",
        "title": "爱神巧克力进行时",
        "description": "爱情不仅需要巧克力"
      },
      {
        "cover": "https://manhua.qpic.cn/vertical/0/12_10_56_3d885ab7c6fe98dd640b6b2dc7bf8aa0_1515725818201.jpg/210",
        "title": "西行纪",
        "description": "西天取经藏惊天阴谋"
      },
      {
        "cover": "https://manhua.qpic.cn/vertical/0/21_17_29_23f3fefe9af6461d1b62af4475967c15_1550741391029.jpg/210",
        "title": "我才不是恶毒女配",
        "description": "“献身”恶趣味影帝"
      },
      {
        "cover": "https://manhua.qpic.cn/vertical/0/17_10_17_f18bde9e112b13c4b6858a82d8f2a5ef_1508206662525.jpg/210",
        "title": "抱紧我的小白龙",
        "description": "穿梭万年的思恋"
      }
    ]
  }
}