{
  "state": "200",
  "message": "success",
  "data": {
    "commentList": [
      {
        "avatar": "https://thirdqq.qlogo.cn/g?b=sdk&k=5pfxibWnCgg3N0bJIpV1CKg&s=640&t=1528625662",
        "userName": "风之姬",
        "time": "2019年4月5日",
        "content": "男主好渣啊"
      },
      {
        "avatar": "https://thirdqq.qlogo.cn/g?b=sdk&k=fPM7avejogdOPYw75G74icA&s=640&t=1517994133",
        "userName": "澄澈",
        "time": "2019年4月2日",
        "content": "议员hhhhhh"
      },
      {
        "avatar": "https://thirdqq.qlogo.cn/g?b=sdk&k=ZvE7Xdhhal2cia9J6PGagWQ&s=640&t=1519134404",
        "userName": "老王",
        "time": "2019年3月18日",
        "content": "有免费的何必花钱?顺便说一句:快更awa"
      },
      {
        "avatar": "https://thirdqq.qlogo.cn/g?b=sdk&k=5uoRcibAmzSbBFU9vxy7DPw&s=640&t=1550934707",
        "userName": "linda",
        "time": "2019年2月28日",
        "content": "作者大大别收费"
      },
      {
        "avatar": "https://thirdqq.qlogo.cn/g?b=sdk&k=naYoBPKyTowJictOoFeR4VQ&s=640&t=1483964286",
        "userName": "贱得闪闪发光",
        "time": "2019年2月17日",
        "content": "毕竟当年是当小黄书来看的"
      },
      {
        "avatar": "https://thirdqq.qlogo.cn/g?b=sdk&k=ZporC9H1vricZ7czGgLvjXQ&s=640&t=1549534152",
        "userName": "怀念过去",
        "time": "2019年2月11日",
        "content": "这么黄不下架么"
      },
      {
        "avatar": "https://thirdqq.qlogo.cn/g?b=sdk&k=ibPA3vtQJHeWXbNpDVvqVVg&s=640&t=1540005767",
        "userName": "小笼包",
        "time": "2019年1月20日",
        "content": "。"
      },
      {
        "avatar": "https://thirdqq.qlogo.cn/g?b=sdk&k=WrP9bW9OKEh4VMlR5pyx6A&s=640&t=1517565054",
        "userName": "滑稽卡",
        "time": "2019年1月16日",
        "content": "合同有问题!对我们的福利太多了"
      },
      {
        "avatar": "https://thirdqq.qlogo.cn/g?b=sdk&k=WrP9bW9OKEh4VMlR5pyx6A&s=640&t=1517565054",
        "userName": "滑稽卡",
        "time": "2019年1月16日",
        "content": "HD版无所畏惧"
      },
      {
        "avatar": "https://thirdqq.qlogo.cn/g?b=sdk&k=8Fiat8zwaPDFZ1gqkGy2EHA&s=640&t=1498900776",
        "userName": "作哥",
        "time": "2019年1月12日",
        "content": "我有钱 想看就看,但是,小编收费过多"
      }
    ]
  }
}